{"1":[{"planeTan":1.5750277745498065,"planeDegree":90.24244409758646,"verticalTan":-0.6425873805454716,"verticalDegree":-36.81754487362247,"minecraft_planeDegree":0.24244409758645702,"minecraft_verticalDegree":36.81754487362247,"x":-334.7123413085938,"y":104.876838684082,"z":-339.6133422851562},{"planeTan":0.7916150668072319,"planeDegree":45.356202327021094,"verticalTan":-0.9266762449925793,"verticalDegree":-53.09463781310588,"minecraft_planeDegree":315.3562023270211,"minecraft_verticalDegree":53.09463781310588,"x":-345.277099609375,"y":112.298210144043,"z":-348.551025390625},{"planeTan":-0.639427280684714,"planeDegree":-36.63648448876118,"verticalTan":-0.6101985426465428,"verticalDegree":-34.96180115868048,"minecraft_planeDegree":233.36351551123883,"minecraft_verticalDegree":34.96180115868048,"x":-353.4756774902344,"y":112.298210144043,"z":-341.1835021972656},{"planeTan":-0.9099927877271616,"planeDegree":-52.138746124110575,"verticalTan":-0.5354029061484499,"verticalDegree":-30.67632686134509,"minecraft_planeDegree":217.86125387588942,"minecraft_verticalDegree":30.67632686134509,"x":-345.052001953125,"y":112.298210144043,"z":-330.4685363769531}],"001":[{"planeTan":1.5985037952771382,"planeDegree":91.58752100502419,"verticalTan":-0.7309839135257566,"verticalDegree":-41.882293136981794,"minecraft_planeDegree":1.5875210050241861,"minecraft_verticalDegree":41.882293136981794,"x":-29.02155113220215,"y":-38.90368270874023,"z":157.3038635253906}]}